UNIQUE_CARRIER,Description
04Q,Tradewind Aviation
0MQ,"Multi-Aero, Inc. d/b/a Air Choice One"
0WQ,Avjet Corporation
1AQ,Via Airlines d/b/a Charter Air Transport
1BQ,"Eastern Airlines f/k/a Dynamic Airways, LLC"
1EQ,"KaiserAir, Inc."
1QQ,City Wings Inc dba Seaflight
1RQ,Sun Air Express LLC dba Sun Air International
1SQ,Star Marianas Air Inc.
1TQ,Rhoades Aviation dba Transair
1WQ,Ultimate JetCharters LLC dba Ultimate Air Shuttle
1YQ,"Air Charter, Inc d/b/a Air Flamenco"
22Q,Gem Air LLC
27Q,"Jet Aviation Flight Services, Inc."
2E,Smokey Bay Air Inc.
2EQ,"J&M Alaska Air Tours, Inc. d/b/a Alaska Air Transit"
2HQ,Elite Airways LLC
2LQ,Tropic Ocean Airways LLC
2O,Island Air Service
2TQ,Trans Northern Airways d/b/a Air Unlimited Charter Services
34Q,"Polaris Aviation Solutions, LLC"
38Q,Key Lime Air Corporation
3AQ,"Maritime Helicopters, Inc."
3BQ,"Nealco Air Charter Services, Inc.  d/b/a  Watermakers Air"
3DQ,"Rectrix Aviation, Inc."
3EQ,"Scott Aviation, LLC  d/b/a  Silver Air"
3F,"Pacific Airways, Inc."
3M,Silver Airways
4B,Boutique Air
4W,Warbelow
5V,Tatonduk Outfitters Limited d/b/a Everts Air Alaska and Everts Air Cargo
5X,United Parcel Service
5Y,Atlas Air Inc.
7H,"Corvus Airlines, Inc d/b/a Era Aviation d/b/a Ravn Alaska"
7S,Ryan Air f/k/a Arctic Transportation
8C,Air Transport International
8E,Bering Air Inc.
8V,Wright Air Service
9E,Endeavor Air Inc.
9K,Cape Air
9S,Southern Air Inc.
AA,American Airlines Inc.
AAT,Air Sunshine Inc.
ABX,ABX Air Inc
AMQ,Ameristar Air Cargo
AN,"ADVANCED AIR, LLC"
AS,Alaska Airlines Inc.
AX,Trans States Airlines
B6,JetBlue Airways
C5,"Commutair Aka Champlain Enterprises, Inc."
CH,Bemidji Airlines
CP,Compass Airlines
DL,Delta Air Lines Inc.
ELL,Ellis Air Taxi Inc.
EM,Empire Airlines Inc.
EV,ExpressJet Airlines LLC
F9,Frontier Airlines Inc.
FX,Federal Express Corporation
G4,Allegiant Air
G7,GoJet Airlines LLC d/b/a United Express
GCH,Grand Canyon Helicopters
GFQ,Gulf And Caribbean Cargo
GL,Miami Air International
GV,Grant Aviation
H6,Hageland Aviation Service
HA,Hawaiian Airlines Inc.
HBQ,Harris Air Services
I4,Scott Air LLC dba Island Air Express
J5,Kalinin Aviation LLC d/b/a Alaska Seaplanes
K2,"Paklook Air, Inc d/b/a/ Airlift Alaska d/b/a/ Yute Commuter Service"
K3,Venture Travel LLC d/b/a Taquan Air Service
KAH,Kenmore Air Harbor
KAQ,Kalitta Air LLC
KD,Western Global
KH,Aloha Air Cargo
KLQ,Kalitta Charters II
KO,Alaska Central Express
KS,Peninsula Airways Inc.
L2,Lynden Air Cargo Airlines
LF,CFM Inc d/b/a Contour Airlines d/b/a One Jet Shuttle
M6,Amerijet International
MQ,Envoy Air
MW,"Mokulele Flight Services, Inc."
N8,National Air Cargo Group Inc d/ba National Airlines
NC,Northern Air Cargo Inc.
NEW,New England Airlines Inc.
NK,Spirit Air Lines
OH,PSA Airlines Inc.
OO,SkyWest Airlines Inc.
PFQ,Asia Pacific
PM,"Prescott Support Company, Inc."
PO,Polar Air Cargo Airways
PT,Piedmont Airlines
Q5,40-Mile Air
QX,Horizon Air
RVQ,"Reeve Air Alaska, LLC"
SEB,"Seaborne Virgin Islands, Inc."
SI,Sierra Pacific Airlines
SNK,Spernak Airways Inc.
SY,Sun Country Airlines d/b/a MN Airlines
U7,USA Jet Airlines Inc.
UA,United Air Lines Inc.
V8,Iliamna Air Taxi
VI,Vieques Air Link Inc.
WI,Sky Lease Cargo
WL,"Caribbean Sun Airlines, Inc. d/b/a World Atlantic Airlines"
WN,Southwest Airlines Co.
X4,Air Excursions LLC
X9,Omni Air International LLC
XP,XTRA Airways
YR,"Grand Canyon Airlines, Inc. d/b/a Grand Canyon Airlines d/b/a Scenic Airlines"
YV,Mesa Airlines Inc.
YX,Republic Airline
Z3,"Bidzy Ta Hot Aana, Inc. d/b/a Tanana Air Service"
Z3Q,"PM Air, LLC"
ZW,Air Wisconsin Airlines Corp
All Rows,All Rows (including those not displayed)
